{
	"format_version": "1.8.0",
	"animations": {
		"hp_doxx": {
			"animation_length": 0.5,
			"bones": {
				"torso_bend": {
					"rotation": {
						"0.0": [0, 0, 0],
						"0.15": [-42.5, 0, 0],
						"0.4": [55, 0, 0],
						"0.5": [2.5, 0, 0]
					}
				},
				"head_rot": {
					"rotation": {
						"0.0": [0, 0, 0],
						"0.15": [-25, 0, 0],
						"0.3": [47.5, 0, 0],
						"0.5": [21.17283, -18.74724, -7.09597]
					}
				},
				"left_arm": {
					"rotation": {
						"0.0": [0, 0, 0],
						"0.5": [-61.0146, 17.66046, 9.54013]
					}
				},
				"left_arm_bend": {
					"rotation": {
						"0.0": [0, 0, 0],
						"0.5": [0, 0, 0]
					}
				},
				"right_arm": {
					"rotation": {
						"0.0": [0, 0, 0],
						"0.2": [-198.17341, -16.10045, -23.18034],
						"0.4": [-46.78173, -47.53027, -25.85928],
						"0.5": [-62.76369, -41.64114, -18.88172]
					}
				},
				"right_arm_bend": {
					"rotation": {
						"0.0": [0, 0, 0],
						"0.5": [0, 0, 0]
					}
				}
			},
			"timeline": {
				"0.0": "phase = WINDUP;",
				"0.3": "phase = PERFORM;",
				"0.5": "phase = RECOVERY;"
			}
		}
	}
}