{
	"format_version": "1.8.0",
	"animations": {
		"hp_doxx": {
			"animation_length": 0.625,
			"bones": {
				"torso_bend": {
					"rotation": {
						"0.0": [0, 0, 0],
						"0.0833": [35, 0, 0],
						"0.2083": [-65, 0, 0],
						"0.3333": [70, 0, 0],
						"0.4583": [0, -35, 0],
						"0.5833": [0, 22.5, 0],
						"0.625": [0, 0, 0]
					}
				},
				"head_rot": {
					"rotation": {
						"0.0": [0, 0, 0],
						"0.0833": [32.5, 0, 0],
						"0.2083": [-35, 0, 0],
						"0.3333": [17.5, 0, 0],
						"0.5417": [-6.29298, 37.33289, -3.82607],
						"0.625": [-5.00474, 2.49048, -0.21803]
					}
				},
				"left_arm": {
					"rotation": {
						"0.0": [0, 0, 0],
						"0.0833": [-14.03271, 26.79524, -6.42848]
					}
				},
				"left_arm_bend": {
					"rotation": {
						"0.0": [0, 0, 0],
						"0.0833": [-67.5, 0, 0]
					}
				},
				"right_arm": {
					"rotation": {
						"0.0": [0, 0, 0],
						"0.2083": [-194.89149, -9.29798, -31.28223],
						"0.3333": [-28.89662, -54.02673, -37.43541],
						"0.375": [-64.76854, -46.30863, -18.51606],
						"0.5": [-107.38427, -23.15431, 38.24197],
						"0.625": [0, 90, 95]
					}
				},
				"right_arm_bend": {
					"rotation": {
						"0.0": [0, 0, 0],
						"0.4167": [0, 0, 0],
						"0.4583": [0, 0, -55],
						"0.625": [0, 0, 2.5]
					}
				}
			}
		},
		"hp_doxx_l": {
			"animation_length": 0.625,
			"bones": {
				"torso_bend": {
					"rotation": {
						"0.0": [0, 0, 0],
						"0.0833": [42.5, 0, 0],
						"0.2083": [-40, 0, 0],
						"0.3333": [70, 0, 0],
						"0.4583": [0, 0, 0],
						"0.5833": [0, -42.5, 0],
						"0.625": [0, 0, 0]
					}
				},
				"head_rot": {
					"rotation": {
						"0.0": [0, 0, 0],
						"0.0833": [27.5, 0, 0],
						"0.2083": [-65, 0, 0],
						"0.3333": [-10, 0, 0],
						"0.5417": [0, -27.5, 0],
						"0.625": [0, 0, 0]
					}
				},
				"left_arm": {
					"rotation": {
						"0.0": [0, 0, 0],
						"0.2083": [-194.99523, -4.32875, 30.73865],
						"0.3333": [-41.79219, 54.644, 24.37627],
						"0.375": [-83.32188, 46.83772, 8.39394],
						"0.5": [-96.59499, -28.7682, 4.92164],
						"0.625": [0, -90, -87.5]
					}
				},
				"left_arm_bend": {
					"rotation": {
						"0.0": [0, 0, 0],
						"0.375": [10, 0, 0],
						"0.5": [3.03513, -9.53274, 72.24687],
						"0.625": [0, 0, 0]
					}
				},
				"right_arm": {
					"rotation": {
						"0.0": [0, 0, 0],
						"0.0417": [-34.3939, -27.73062, 17.6685]
					}
				},
				"right_arm_bend": {
					"rotation": {
						"0.0": [0, 0, 0],
						"0.0417": [-50, 0, 0]
					}
				}
			}
		},
		"cringe": {
			"loop": "hold_on_last_frame",
			"animation_length": 0.2083,
			"bones": {
				"torso_bend": {
					"rotation": {
						"0.0": [0, 0, 0],
						"0.2083": [-20, 0, 0]
					}
				},
				"head_rot": {
					"rotation": {
						"0.0": [0, 0, 0],
						"0.0833": [0, 17.5, 0],
						"0.125": [0, -25, 0],
						"0.2083": [0, 17.5, 0]
					}
				},
				"left_arm": {
					"rotation": {
						"0.0": [0, 0, 0],
						"0.0833": [-71.33799, -36.01651, -11.23272],
						"0.2083": [-88.93002, -70.56671, -49.41788]
					}
				},
				"left_arm_bend": {
					"rotation": {
						"0.0": [0, 0, 0],
						"0.0833": [-82.5, 0, 0]
					}
				},
				"right_arm": {
					"rotation": {
						"0.0": [0, 0, 0],
						"0.0833": [-87.29431, 22.47741, 1.03509],
						"0.2083": [-128.59515, 77.25635, 11.13101]
					}
				},
				"right_arm_bend": {
					"rotation": {
						"0.0": [0, 0, 0],
						"0.0833": [-80, 0, 0]
					}
				},
				"vines": {
					"rotation": {
						"0.0": [0, 0, 0],
						"0.0833": [-77.5, 0, 0]
					}
				},
				"grab_vine": {
					"scale": {
						"0.0": [1, 1, 1],
						"0.2083": [1, 3.7, 1]
					}
				}
			}
		},
		"hp_vine": {
			"animation_length": 0.625,
			"bones": {
				"body": {
					"rotation": {
						"0.0": [0, 0, 0],
						"0.1667": [0, 45, 0],
						"0.375": [0, -71.59, 0],
						"0.625": [0, -57.5, 0]
					}
				},
				"torso_bend": {
					"rotation": {
						"0.0": [0, 0, 0],
						"0.25": [-5, 0, 0],
						"0.375": [0, 0, 0],
						"0.625": [0, 0, 0]
					}
				},
				"left_arm": {
					"rotation": {
						"0.0": [0, 0, 0],
						"0.1667": [-55, 0, -75],
						"0.625": [5, 0, -75]
					}
				},
				"left_arm_bend": {
					"rotation": {
						"0.0": [0, 0, 0],
						"0.1667": [-87.5, 0, 0],
						"0.625": [-45, 0, 0]
					}
				},
				"right_arm": {
					"rotation": {
						"0.0": [0, 0, 0],
						"0.1667": [55, 0, "87.5-query.head_x_rotation"],
						"0.4167": [-136.04888, -19.99409, "87.00374-query.head_x_rotation"],
						"0.625": [-60, 0, "87.5-query.head_x_rotation"]
					}
				},
				"right_arm_bend": {
					"rotation": {
						"0.0": [0, 0, 0],
						"0.1667": [-60, 0, 0],
						"0.5": [-2.5, 0, 0]
					}
				},
				"vines": {
					"rotation": {
						"0.0": [0, 0, 0],
						"0.1667": [-62.5, 0, 0],
						"0.375": [-27.5, 0, 0],
						"0.625": [2.5, 0, 0]
					}
				},
				"grab_vine": {
					"scale": {
						"0.0": [1, 1, 1],
						"0.375": [1, 4.3, 1]
					}
				}
			}
		},
		"hp_vine2": {
			"animation_length": 0.625,
			"bones": {
				"body": {
					"rotation": {
						"0.0": [0, 0, 0],
						"0.1667": [0, -85, 0],
						"0.4167": [0, 57.5, 0],
						"0.625": [0, 45, 0]
					}
				},
				"torso_bend": {
					"rotation": {
						"0.0": [0, 0, 0],
						"0.1667": [5, 0, 0]
					}
				},
				"left_arm": {
					"rotation": {
						"0.0": [0, 0, 0],
						"0.1667": [17.5, 0, -45],
						"0.4167": [-56.25926, 6.60796, -66.55613]
					}
				},
				"left_arm_bend": {
					"rotation": {
						"0.0": [0, 0, 0],
						"0.1667": [-50, 0, 0]
					}
				},
				"right_arm": {
					"rotation": {
						"0.0": [0, 0, 0],
						"0.1667": [-65.55404, -12.48791, "92.56062-query.head_x_rotation"],
						"0.3333": [51.94596, -12.48791, "92.56062-query.head_x_rotation"],
						"0.4167": [-10.55404, -12.48791, "92.56062-query.head_x_rotation"],
						"0.625": [-38.05404, -12.48791, "92.56062-query.head_x_rotation"]
					}
				},
				"right_arm_bend": {
					"rotation": {
						"0.0": [0, 0, 0],
						"0.1667": [-47.5, 0, 0],
						"0.4167": [0, 0, 0],
						"0.625": [-25, 0, 0]
					}
				}
			}
		},
		"hp_vine3": {
			"animation_length": 0.5833,
			"bones": {
				"body": {
					"rotation": {
						"0.0": [0, 0, 0],
						"0.1667": [0, 62.5, 0],
						"0.4167": [0, -77.5, 0],
						"0.5833": [0, -65, 0]
					}
				},
				"torso_bend": {
					"rotation": {
						"0.0": [0, 0, 0],
						"0.1667": [-7.5, 0, 0],
						"0.4167": [5, 0, 0]
					}
				},
				"left_arm": {
					"rotation": {
						"0.0": [0, 0, 0],
						"0.1667": [-25, 0, -87.5],
						"0.375": [10, 0, -87.5]
					}
				},
				"left_arm_bend": {
					"rotation": {
						"0.0": [0, 0, 0],
						"0.1667": [-90, 0, 0]
					}
				},
				"right_arm": {
					"rotation": {
						"0.0": [0, 0, 0],
						"0.1667": [37.5, 0, "112.5-query.head_x_rotation"],
						"0.4167": [-22.68408, -15.0915, "92.29345-query.head_x_rotation"],
						"0.5833": [-12.68408, -15.0915, "92.29345-query.head_x_rotation"]
					}
				},
				"right_arm_bend": {
					"rotation": {
						"0.0": [0, 0, 0],
						"0.1667": [-100, 0, 0],
						"0.4167": [2.5, 0, 0],
						"0.5833": [-17.5, 0, 0]
					}
				}
			}
		}
	}
}